"CigarettesPerDay","LungFunction","SimplePred","ComplexPred"
3.58819768112153,4.61671791562191,4.78656554020847,4.69391603941768
8.09474621899426,3.82763825284111,3.70975025111759,3.9448113287571
4.6807922963053,4.47807877314753,4.52549599296609,4.54960070771792
8.94715663604438,3.77022537892649,3.50607141310086,3.75743664324008
9.46420555864461,3.95077960773414,3.38252538216724,3.63669922175101
1.41000849450938,4.89190531330087,5.30703201226905,4.91037552392698
5.75294939242303,4.59754816249135,4.2693098798677,4.38477444026249
9.03177139954641,3.85883330701615,3.48585317507323,3.73804394966485
5.96291513019241,4.32356269589037,4.21913970756949,4.34980358938205
5.10953261773102,4.17686973281876,4.42305082250335,4.4864477281203
9.6115001081489,3.49139218779259,3.34733014981303,3.60132551423046
5.08000740571879,4.38996078666479,4.43010571150349,4.49091463310668
7.0981357190758,4.15068879373432,3.94788491549808,4.14545546906005
6.15370061760768,4.57367439174153,4.17355255188728,4.31726270141748
1.92632214399055,5.32519251754241,5.1836616708525,4.86764721428873
9.09842473361641,4.0267816487831,3.46992672302411,3.72266697219446
3.21478960919194,4.70928160436093,4.87578937027367,4.73776325370911
1.37853580177762,4.56076412123176,5.31455224120647,4.91280768407597
3.95128647354431,4.56855305554829,4.69980744591688,4.64860632056988
9.59053284232505,3.61853160050125,3.35234016406669,3.6063874226751
9.00585384457372,3.90765587388657,3.49204603402413,3.74399915729567
7.2352306554094,4.30725843455663,3.9151268252966,4.11903301762999
6.76456132391468,4.34104092063754,4.02759070491543,4.20817552116777
9.94842798961326,3.23381153591424,3.26682306306298,3.51877863306843
6.9013521920424,4.34857437873847,3.99490527015975,4.18272472253023
7.37677421350963,3.99768186806807,3.88130576109331,4.09135876875046
5.8965942224022,4.39243259467547,4.23498672816512,4.36094494071607
6.34727818402462,4.29466692277957,4.12729824409697,4.28350151987415
3.60243763565086,4.77573590202402,4.78316298043922,4.69218871846345
2.32402282580733,4.83472303432613,5.08863325363626,4.83109971853535
9.66721809282899,3.24859301929822,3.33401664008898,3.58783137283449
9.12069140607491,3.85939450540246,3.46460622261476,3.71751023277007
7.21634750580415,4.19563122513447,3.91963885130281,4.12269470989644
8.1592067591846,3.87318278759389,3.69434775525259,3.93114971322244
1.22152316058055,4.94763155586196,5.35206955877238,4.92464541671673
5.30016373982653,4.48088218539265,4.37750055157564,4.45718721290251
7.82613583770581,4.04041308032468,3.77393324236891,4.00084528505122
2.94767142250203,5.09389799392005,4.93961580973275,4.76741841585349
3.86362906871364,4.61373217497153,4.72075270655935,4.6597865015791
3.08463206817396,4.78423192340816,4.90688980755528,4.75239146966125
2.2852002014406,5.06719536493515,5.09790970880576,4.83480673207339
4.73091702233069,4.75047459483707,4.51351896200946,4.54240717776675
4.723518936662,4.76976036379293,4.51528669438627,4.54347205737896
4.31960905832238,4.48193572270456,4.61179876537713,4.59994942255902
2.37200272968039,5.22563244007843,5.07716871628014,4.82647666448976
2.24925457104109,4.85028598438049,5.10649872189746,4.83821215628389
3.09730689506978,5.12257192416542,4.90386122653073,4.75098185567582
5.19366205227561,4.2003951050476,4.40294855119331,4.47362406369415
3.39375376328826,4.7193333830481,4.83302685796284,4.71709649564885
8.72044943808578,4.05349805826745,3.5602418663551,3.80868941011117
1.41248050006106,4.76637652592186,5.30644133997285,4.9101836520826
4.97980066784658,4.35248802604927,4.45404956709584,4.50594502639402
8.19032361079007,3.73196207024446,3.68691255261901,3.92452513894522
2.09709333977662,4.64066467238607,5.14285682141764,4.85234140033075
6.04853185382672,4.24429412480502,4.19868205661189,4.33529061527089
2.85878250654787,4.84157033506696,4.96085533326739,4.77697030089141
2.14778485218994,4.44363886009339,5.13074435993296,4.84768577419744
7.77977077872492,4.04815921404319,3.78501192131149,4.01037130824058
9.0554082323797,3.97456041511383,3.48020528228639,3.73260108155519
4.37016498297453,4.99802313471519,4.59971870185134,4.5930590051554
6.98603675165214,4.42288626590317,3.97467035473138,4.16678106662839
1.85356594831683,5.02431958809575,5.20104636852504,4.87399099011615
4.45572674018331,4.23333257533612,4.57927418482249,4.58128106954463
3.46945280116051,4.58585499094581,4.81493898413539,4.70816199530941
8.33176034991629,3.81882038590329,3.65311701222921,3.89417011835537
5.03664707252756,4.635194289593,4.44046642754327,4.49744306566505
8.29057917743921,3.8769997433534,3.6629570296557,3.90304967104725
8.31150558567606,3.64188374409692,3.65795677810048,3.89854172296164
8.149080889998,4.26535790360162,3.69676727668098,3.93330126823002
4.95848518842831,4.68848824529915,4.45914278509604,4.50911631294601
7.79027642775327,4.05108816490246,3.78250165355325,4.00821661713512
6.66299018403515,4.46651783093792,4.05186057695464,4.22683135230235
7.39164161216468,3.81629940471793,3.87775327695912,4.08842867634849
1.00562295992859,5.07177013618618,5.4036577387345,4.94011773829679
5.27784916688688,4.35296814810889,4.38283249754472,4.46064990096795
2.9810699664522,4.8988278245987,4.93163540910981,4.76378860881862
4.41834883950651,4.57170010241697,4.58820543111544,4.58644430552375
6.51493902946822,4.376400885556,4.08723659597794,4.25365470386061
4.16618118318729,4.88522380734108,4.64845952256853,4.62054758424198
2.00021881912835,4.86143832386301,5.16600446180823,4.86109562176796
3.19257525447756,4.94195759711152,4.8810973696423,4.74028387239099
7.01250028703362,3.91993657586226,3.9683470367281,4.16176933265192
4.75882101710886,4.39127428632858,4.50685145405935,4.53838082885599
8.09376250626519,4.24406550188613,3.7099853039297,3.94501917071512
1.92578179831617,4.94210214934172,5.1837907835157,4.8676947184697
4.91403467347845,4.10237633451785,4.4697639941441,4.5157003625681
9.86461281985976,3.26085600773312,3.28685024250859,3.53952539271139
9.03746002959087,3.6912139575381,3.48449390783038,3.73673504635342
8.97822154709138,3.91816018202577,3.49864862138154,3.75033357236242
2.57547385245562,4.78451900058735,5.0285503969496,4.80635976500803
2.17626122408547,4.96866330404528,5.12394008558037,4.8450478931195
6.87791732535698,4.37484774194526,4.00050490423283,4.18711149224574
4.09164825035259,4.96221269920882,4.66626876193269,4.63038394616403
6.91082315170206,4.18806742272888,3.9926422358047,4.18094873817911
3.88335918239318,4.64463087424939,4.71603830308914,4.65728344548515
2.68922007340007,4.44257247846976,5.00137135543703,4.79475300198796
8.04064871184528,3.97131276615231,3.72267655653962,3.95621248800527
1.84235488041304,4.75956952934642,5.20372519229102,4.87495909427678
5.20101137412712,4.27464232159483,4.40119247066569,4.47249709942518
5.60354913910851,4.36984366729103,4.3050082587071,4.40912089054451
6.39990063337609,4.47340632170905,4.11472439572168,4.27419426240516
3.99541186285205,4.24204654958149,4.6892639238746,4.64292023752507
5.39751730300486,4.3533363470463,4.35423844657513,4.44196376247442
9.59026444749907,3.62408251261194,3.35240429555217,3.60645216144285
5.3461215745192,4.26824224836765,4.36651917666429,4.4500242783257
9.01315199909732,3.80375389895666,3.49030217965152,3.74232358235985
9.2299436822068,3.76887019624572,3.43850098479959,3.69206480153305
6.47861484088935,4.24973752353442,4.0959160634899,4.26016880837618
4.6962079887744,4.05146626707099,4.5218124970039,4.547393712393
2.3238522184547,5.34409612691842,5.08867401933626,4.83111607507902
9.41769822943024,3.60112483762871,3.39363805580915,3.64777811228825
3.71106009976938,4.80696598068806,4.75720823278287,4.6788792419097
1.54648514394648,4.95351287800551,5.27442165836234,4.89959960292103
9.52954246033914,3.82033572891265,3.36691348448208,3.62106170670082
7.48536646086723,4.2289564556967,3.85535823356782,4.0698554407661
2.28064866038039,4.79199534961433,5.09899727481361,4.83523936583595
5.94356190459803,4.42519617807391,4.22376405567938,4.35306385763291
9.58682114700787,3.41250577937766,3.35322705349712,3.60728258254547
6.26935017807409,4.46486957672298,4.14591871773676,4.2971827957515
4.64059253572486,4.46041171461063,4.53510150735188,4.55533356842134
6.83104131394066,4.67517135073297,4.01170567248385,4.19585324667009
3.87838555383496,4.32545219812866,4.71722672461145,4.6579151576285
3.76948009780608,4.57663874443893,4.74324909164728,4.671623467895
2.97790868137963,4.92750113733651,4.93239078100267,4.76413313824572
4.32539979252033,4.69866568609837,4.61041510090153,4.59916277849657
9.85797283123247,3.4174088673222,3.28843683171608,3.541162981916
2.38782070740126,4.62423593888149,5.07338909644265,4.82494244767609
1.8193959989585,4.90482332298395,5.20921109227921,4.87693380660901
2.27716217003763,4.83142573337823,5.09983035273895,4.83557048398232
7.21006391360424,3.76159034048439,3.92114028152029,4.12391160003161
6.57330835051835,4.24616096919091,4.07328956383296,4.24313191839846
9.02254705433734,3.77285515694431,3.48805728224516,3.74016501399476
7.05699183349498,4.18408435034147,3.95771602342329,4.15331183627346
7.63369964133017,3.82457790727251,3.81991482598891,4.04010153283451
5.69022153201513,4.48692936822568,4.28429836131232,4.395051019883
6.93854604708031,4.44735251256329,3.98601800057229,4.17573985851467
8.39624914131127,3.9664648271407,3.63770776589235,3.88019679034262
8.07653396530077,3.71675159873352,3.71410197019066,3.94865613388891
9.81839725631289,3.45794179641825,3.29789320032941,3.5509050292839
4.95488382619806,4.57596779528963,4.4600033110348,4.5096512210896
3.80531981866807,4.53552029357946,4.73468538506416,4.66713838456097
4.68527457350865,4.11468902602985,4.52442497718051,4.54895949034427
1.09420400648378,5.1101671396034,5.38249177892009,4.93388243076972
2.65464571607299,4.6309007530928,5.00963271027819,4.79830837359853
8.58456386998296,3.71911238396903,3.59271098458831,3.83891697216844
3.08045603847131,5.0518652258278,4.9078876471644,4.75285519751691
3.15189960086718,4.58823132309609,4.89081659608207,4.74487367607135
1.69022048800252,5.0560668306571,5.24007687881286,4.8878477709812
3.21151310228743,4.48414960506024,4.87657227379727,4.73813565295959
7.58921684976667,3.97366855296905,3.83054374735844,4.04907045991651
8.62707848590799,3.80967003985714,3.58255234809452,3.82949935079266
5.4777454037685,4.19232549784164,4.33506837777614,4.42927579292613
4.49118126858957,4.44678419171544,4.57080251788391,4.57635769725555
3.2180409473367,4.72977176666015,4.87501248068846,4.73739350282396
1.99986815173179,4.99415105991709,5.16608825187746,4.86112696943965
4.50994991720654,4.24099671289754,4.56631785126677,4.57374122252927
6.14741782587953,4.24477080160436,4.17505379083638,4.31834590370434
2.95203486527316,4.91653444598755,4.93857318878912,4.7669454569108
5.00291201821528,4.39180128047369,4.44852723548897,4.50249628469749
2.96191601851024,4.809633118402,4.93621214090733,4.76587301894255
5.52069606934674,4.51763005964454,4.32480554958676,4.42243029303726
4.18514114664868,4.66915588156018,4.64392914230872,4.61802764717514
6.84986642934382,4.31895151342857,4.00720751343493,4.19234789313528
4.37242560950108,4.56565593022326,4.59917853742478,4.59274970360891
4.19900842709467,4.53099755821872,4.64061563098695,4.61618001767971
5.80319150909781,3.84444031722666,4.25730479905318,4.37648661433367
7.66300924355164,4.01104422745895,3.81291145577687,4.03417029970309
2.98992644040845,4.84716401606104,4.9295192027751,4.76282233065345
4.71471506753005,4.64905863311718,4.51739033108402,4.54473785885013
3.39118018164299,4.60438429041152,4.83364180131473,4.717398232263
6.66975748119876,4.57755605931502,4.05024356806405,4.2255948014206
2.65445641707629,4.85410067437038,5.00967794224499,4.7983277738998
8.77279700292274,3.81700364900074,3.54773370014111,3.79694622542188
7.71911203721538,4.2726508476021,3.79950599803685,4.02276914595018
7.0145618475508,4.01353788422746,3.96785443804296,4.16137832081107
6.56216085935012,4.15120468080769,4.0759531962834,4.24514684553142
4.35014254203998,5.07274596754729,4.60450295533093,4.59579403699066
5.768521172693,4.38104141361145,4.26558908757352,4.38221115360415
8.87214108579792,4.09595775552873,3.52399597127351,3.77450955961389
6.23575089802034,4.01166523349446,4.15394708316104,4.3030441129503
8.55790988309309,3.80162292976534,3.5990798099448,3.84480279081627
3.81203348422423,4.73976711366769,4.73308119115479,4.66629536059507
7.37461289996281,4.14742790980004,3.88182219522293,4.09178435606973
3.3851602547802,4.51502163585339,4.83508023013239,4.71810351430786
6.34908874635585,4.28328813851626,4.12686562006469,4.28318220831621
5.33160820440389,4.23367499870474,4.36998706760235,4.45229087911029
3.38529458316043,4.85867374174308,4.83504813309574,4.71808778458201
6.08131391298957,4.54306553323944,4.19084896167953,4.32969488149138
9.218694007257,3.24422456834531,3.44118903350947,3.69469593554724
9.11686950549483,3.96012212138307,3.46551944499403,3.71839605182184
3.46749959350564,4.4581805866534,4.81540569249277,4.70839396623931
3.89334480767138,4.74470527549874,4.71365229218071,4.65601365413684
9.87076795939356,3.66412152857694,3.2853795053578,3.53800659197313
6.57993979169987,4.19806896817077,4.07170501699119,4.24193209559054
9.43582680239342,3.50883759406071,3.38930633179196,3.6434647017968
5.19879432092421,4.50284986428946,4.4017222234833,4.47283718196178
4.661493339343,4.63739387164835,4.53010737388119,4.55235695272587
6.93307291786186,4.34933191725275,3.98732577506358,4.17676942747477
2.37111955159344,4.41475454636045,5.07737974688572,4.82656217816531
6.15580352395773,3.9859947999346,4.17305007384001,4.31689996761426
3.1485342415981,5.02952107745257,4.89162073039546,4.7452519379491
9.6612304279115,3.7928705142147,3.33544736009009,3.58928448199534
6.41229153377935,4.35526838595079,4.11176365738996,4.27199464549885
5.63526754523627,4.54370990109647,4.29742931788866,4.40398934803603
4.62316007982008,4.73854088830078,4.53926689797997,4.55780955208897
8.92221887107007,3.22564460092057,3.51203015655484,3.7631247602443
4.27682678308338,4.8253016068486,4.62202135760981,4.60574041242338
3.5941535262391,4.59411540867381,4.78514242337567,4.69319408276049
2.53580711595714,4.855029833035,5.03802854812693,4.81034653696106
2.54954571742564,4.74848932029957,5.03474578394771,4.80896927805218
5.33838344970718,4.62249043976931,4.36836815954697,4.45123329104614
3.27668435662054,4.65910468864863,4.86099995664916,4.73068811862123
2.94629310653545,4.8695796671547,4.93994515084458,4.76756773407816
7.06938749272376,4.06863123441322,3.95475414799607,4.15094846620705
1.42897264682688,4.68957429758456,5.30250063110484,4.90890043880467
7.30767778726295,4.34259666630034,3.89781597674475,4.10491839261404
4.16699774609879,4.76619141278999,4.6482644092972,4.62043920438759
4.68049598135985,4.89175722244804,4.52556679581243,4.54964308323653
8.38856191560626,3.88992298061595,3.63954458670994,3.88186681272518
9.26971613336354,3.90223837056605,3.42899757367902,3.68274231487534
3.54275497095659,5.09243493441361,4.79742382891258,4.69940116388144
9.64994314336218,3.52999239312287,3.33814439540945,3.59202177293858
7.55554985441267,3.78676894870317,3.83858829298582,4.05583231991754
7.17737573804334,4.07811367481968,3.92895094347603,4.13022930276801
1.47559548495337,4.86163815740311,5.29136035723593,4.9052434035998
4.55698121176101,4.59482626267038,4.55507997895354,4.56715379881839
5.30060841864906,4.79646607845287,4.37739429798693,4.45711810817435
6.04227937315591,4.26756585260848,4.20017605289851,4.33635544177516
7.28435435378924,4.17976502995584,3.90338898445731,4.10947387454584
9.24115184578113,3.638416720364,3.43582285500735,3.68944085921353
6.5651610463392,4.24481869374435,4.07523631790234,4.24460480130432
4.85579357878305,4.58423454096459,4.48368038729827,4.52426727406919
5.87872330495156,4.62611289699801,4.23925688679743,4.36393205720706
1.52630639728159,4.92465224345025,5.27924326024699,4.90121634441791
3.34771171351895,4.86311114116196,4.84402835560921,4.72247462817656
4.57436757977121,4.71780523941953,4.55092560077747,4.56470738224651
2.77970263012685,4.96670205554544,4.979751040098,4.78533528496509
8.48734806547873,3.74040291444333,3.61594017290209,3.86031587724355
2.3759850054048,5.15012394510961,5.07621717313146,4.82609088707218
8.2307668782305,3.83481507419191,3.67724885359199,3.91588608935418
5.92143540899269,4.33213742299169,4.22905106159124,4.35678213601093
6.96085877809674,4.44823156535193,3.98068649472076,4.1715363347412
2.54528644494712,5.06676762811344,5.03576351396587,4.80939666275783
6.69749823841266,3.99856188706171,4.04361506484305,4.22051631271419
3.80682772095315,4.49012504089868,4.73432508000556,4.66694911824651
7.52098911767825,3.78668195915962,3.84684639326037,4.06275010282629
4.59045842196792,4.59612343218741,4.54708078145595,4.56243787070524
9.72420770023018,3.60115563460002,3.32039928302444,3.57396502756908
9.70658533554524,3.64531568193153,3.32461005132378,3.57825972587101
7.54032285115682,4.1648507132891,3.84222670268565,4.05888314758328
3.31495071807876,4.60398491226615,4.85185641747948,4.72627559443864
2.99609141191468,4.56169007369903,4.92804611632792,4.76214878050318
6.33741086511873,4.4868587032258,4.12965598634048,4.28524057217789
3.40769288921729,4.86370390778818,4.82969617955323,4.71545991707811
5.77963358978741,4.0751433687229,4.26293383588246,4.38037896190132
8.06762504158542,3.92672351963471,3.71623070911035,3.95053448842852
2.51254729484208,4.63205413161841,5.04358635601199,4.81266966717257
4.63959262915887,4.13861195678821,4.53534042959334,4.55547575244743
5.2441864986904,4.49279978097264,4.39087600922132,4.46585469787449
8.8129612619523,3.76682673300395,3.53813666865802,3.7878989765275
9.3313716026023,3.64321260650874,3.41426533427798,3.66822800730964
8.93779803370126,3.79749826976284,3.50830760028556,3.75957272823507
7.06768158264458,4.32358772421055,3.9551617659413,4.15127389926958
9.55150281405076,3.65123230012594,3.36166617727307,3.61578661773415
5.6480040482711,4.27531313171887,4.29438599968578,4.40192311863705
6.18867119168863,4.16061007884294,4.16519652320543,4.3112190746575
4.02698085317388,4.61012465081478,4.68172068515121,4.63882829948565
4.12592168268748,4.68547501586471,4.65807931148349,4.62587456482063
1.18021870497614,4.71912383229503,5.36193903403235,4.92767758728686
5.52531741070561,4.38158103080578,4.32370130517676,4.42169154264857
8.83939072280191,3.97013563238992,3.53182149257901,3.7819279752271
1.05670705554076,4.91434233096377,5.39145147162736,4.93654103396306
1.64851411595009,4.75071417277875,5.25004238982448,4.8913002469327
2.47790102497675,4.75951598017025,5.05186489396347,4.81610998309381
7.93300666846335,4.19695342763039,3.74839703798757,3.97872416035849
7.61665875231847,4.14904094913421,3.82398665383527,4.04354211087291
9.74688072106801,3.80997428605565,3.31498168787754,3.56843031113931
5.19825139152817,4.4976888265607,4.40185195351275,4.47292044905825
1.66946061979979,4.97071100069747,5.24503733653175,4.8895706326898
6.83936311886646,4.07857158286994,4.00971722240911,4.19430454894975
7.82733852555975,4.11703492357096,3.7736458666404,4.00059761237038
2.23395472904667,4.73713001779552,5.11015453601814,4.83965379495175
4.56926135160029,4.27864233848856,4.55214570625683,4.56542650102865
3.024867962813,4.78285693307165,4.92117011583348,4.75899476087786
1.52162704477087,5.28993540267396,5.28036136610655,4.90159009560932
4.56303419475444,4.72381834755191,4.55363365155306,4.56630277632449
1.58435469982214,5.12873114484966,5.26537293373078,4.89654347250732
3.03297789627686,4.82813270061175,4.91923229129348,4.75810288968554
1.49166198191233,4.78145491055831,5.28752135507671,4.90397309596519
7.03253835602663,4.11335895388675,3.96355904900885,4.15796515203123
3.67967604356818,4.62596641860311,4.76470728250288,4.68274896197035
1.90649424074218,4.77458812910664,5.18839944060889,4.86938654860025
1.6471368749626,5.0313460141892,5.25037147407591,4.89141366229593
8.92396511905827,3.51795750911232,3.51161290008541,3.76272685918263
7.78822661866434,4.17729715685262,3.78299144429846,4.00863720289794
8.34945298847742,4.05822419575336,3.64888945236896,3.89034478556455
9.83926336304285,3.30020132476094,3.29290735749164,3.54577246724057
1.93239680468105,4.99393698523864,5.18221016368407,4.86711276211331
1.89137646416202,5.35570345796894,5.19201175118799,4.87070742011079
8.18948450055905,3.80840611473476,3.68711305344984,3.92470403410096
8.06117739877664,4.11609616779731,3.71777133832952,3.95189291713872
1.08486914588138,4.7775467629452,5.38472229314483,4.93454691864867
8.01159294508398,4.17970642120917,3.72961927414754,3.96231188798176
7.56451586727053,4.09952014755991,3.8364459129257,4.05403375256213
6.67118667531759,4.5517764279894,4.04990206989416,4.22533353551457
5.32819746970199,4.15789909804613,4.37080204412888,4.45282293340881
2.40973166236654,4.81118577281048,5.0681535927957,4.822808993914
1.07393967849202,4.82938451651988,5.38733382999783,4.93532270132301
5.07212554803118,4.44967617303328,4.43198903857589,4.49210414039155
5.43063995870762,4.3076337499163,4.34632396795002,4.4367410608245
4.50628400384448,4.40485112846773,4.56719380134777,4.5742528289627
5.18199347704649,4.58811423710944,4.40573669384906,4.47541113439077
7.41951100644656,3.86101687111447,3.87109403660961,4.08292421742976
1.49771733698435,5.199488747247,5.28607446088093,4.90349298591987
4.19304787763394,4.37728978401425,4.64203987189699,4.6169746524115
8.22531045624055,3.93239298645163,3.6785526359818,3.91705353979782
8.52137953322381,3.95438978921165,3.60780853857703,3.85284645719023
3.13974464475177,4.86177987123846,4.89372095680809,4.74623880845849
4.18587492359802,4.55514143228676,4.64375381029328,4.6179299775931
8.71196878142655,3.82131795950884,3.5622682731885,3.81058672597644
8.68387036421336,4.00396326712664,3.56898223732316,3.81686270273111
3.66305909864604,4.39137384205068,4.76867781121233,4.68478988958346
2.32343492121436,4.67349681330168,5.08877373024467,4.83115607993147
7.3359285518527,4.15912555809181,3.89106561003216,4.09938594450149
1.93426019395702,4.77691696965548,5.18176491694035,4.86694867212023
1.30354995699599,5.19183087604056,5.33246970141969,4.918522640235
9.994640751509,3.63599029757827,3.25578077468147,3.50727950146656
1.31387323676609,4.93147705982175,5.3300030098049,4.91774253941
4.04552155383863,4.332510012375,4.67729048545881,4.63641578307701
9.23557385476306,3.69048310805927,3.43715568565594,3.69074703632783
6.55511742667295,4.17926531025224,4.07763618625471,4.24641867611247
3.57656813832,4.67278389389942,4.7893443562777,4.69532370615768
7.64017662708648,3.79795633430375,3.81836718543184,4.03879229753302
8.50648878258653,3.95080365555395,3.61136660254051,3.8561176141184
3.82843702379614,4.45421756029706,4.72916165449435,4.66423180286672
5.43309893039986,4.3879150173164,4.34573641002372,4.43635246103518
7.27636389597319,4.18301225562539,3.90529826094038,4.11103205104312
6.77316118590534,4.04588165839958,4.02553581461572,4.20658648759719
6.79530623485334,4.31507110113898,4.02024437548343,4.2024878427092
9.80068064341322,3.28613047675726,3.3021264887276,3.55525605553416
4.73261801013723,3.97743743140228,4.51311252021454,4.54216218299472
2.07464301981963,4.94622001056933,5.14822120339899,4.85438686861105
5.7342669412028,4.55257644480235,4.2737739500852,4.38784337786948
3.0256601574365,4.70000171352691,4.92098082523218,4.75890769907768
5.37770587648265,4.54274275215463,4.35897227930733,4.44507709373832
4.33193318638951,4.36456358435036,4.60885398193236,4.59827444238884
9.85015162709169,3.51180782651331,3.290305665953,3.5430907576715
4.49487203639001,4.18491397673717,4.56992062896991,4.57584373613286
3.06320356298238,4.98924383945591,4.91201003244995,4.75476730420185
6.60967791662551,4.60461985486209,4.06459925360715,4.23654077785073
2.22886177361943,5.05368111531641,5.1113714700475,4.84013264372142
9.7072254489176,3.56686707511024,3.32445709971118,3.57810383430149
5.6356462710537,4.39394652906772,4.2973388234122,4.40392795455163
2.46763296308927,4.51251270281007,5.0543183915652,4.81712497224201
6.59712065639906,4.39300102640682,4.06759974271479,4.23881948038614
9.87358748703264,3.48929649086914,3.28470579454691,3.53731061128707
7.01894365716726,4.02504853144454,3.96680742844143,4.1605469498639
4.7702430721838,4.25153049818197,4.5041222160551,4.53672821515227
3.91010493854992,4.59165304743853,4.70964754996491,4.65387792081005
8.51729787955992,3.6788792473271,3.60878382754444,3.85374354424017
2.29435339267366,4.75323565139602,5.09572260348981,4.83393544710114
2.73534352192655,4.5448917845215,4.99035040799986,4.78997278508535
9.07064814376645,4.06121891192068,3.47656378825882,3.7290858527308
3.77307598874904,4.66578467095221,4.7423898730429,4.6711746274996
4.26970489160158,4.81919997226073,4.62372309488622,4.60670087424986
8.05551830865443,3.42797039830508,3.71912354716844,3.95308452360256
2.74040811927989,4.69724166143489,4.98914024997819,4.78944529954821
1.15989230689593,4.79345542470083,5.3667959164205,4.92915722551854
4.65947079658508,4.30533454325527,4.53059064948474,4.55264537767336
5.34850902343169,4.75583089193593,4.36594870871764,4.44965101905644
4.79660455160774,4.24703923622067,4.49782328376841,4.53290411228442
4.08527921512723,4.69251902866974,4.66779060829688,4.63121933630067
8.79834983195178,3.95526016786429,3.54162799047289,3.79119402569486
5.09597245859914,4.52115006176564,4.42629094885571,4.48850142594276
5.80388386268169,4.19790403245184,4.25713936492587,4.37637205259235
9.67458998714574,3.76852674779374,3.33225516599343,3.58604134875923
7.97132387873717,4.00013137863406,3.73924134876966,3.97073727145701
2.87988713709638,4.56036856264464,4.95581249645907,4.77471673144732
3.77908149454743,4.39062154632791,4.74095489006023,4.67042444148047
9.74208205216564,3.98115775717907,3.31612830374064,3.56960257309326
6.26410084147938,4.15870473532012,4.14717301819647,4.29810001869894
7.8474126283545,3.62069618820209,3.76884926884,3.99645942816535
4.35438454989344,4.69932599697255,4.60348935060113,4.59521525526846
7.9227452010382,4.03820987595453,3.75084895987836,3.98085808883403
5.8390946474392,4.09632813746599,4.24872593920791,4.3705331838082
9.22595904697664,3.29892756156988,3.43945309173935,3.69299703878214
2.66766797704622,4.77219157335839,5.00652111176845,4.79697206711373
3.53996575647034,4.92556739494854,4.7980902965603,4.69973648834862
1.85466171870939,5.0000940201925,5.20078454014304,4.87389623270249
2.8943837119732,4.67291875884759,4.952348618652,4.7731636143565
9.79389096656814,3.38426480270447,3.30374884512149,3.55692186956933
3.66671957843937,4.73642904775903,4.76780315945307,4.68434077615598
7.5338472421281,4.08718976465961,3.84377401428114,4.06017917191316
8.07119050831534,4.07094166170758,3.71537876020638,3.94978293712487
1.94875971507281,4.78542577991767,5.17830033514549,4.86566947217449
3.1563516613096,4.92242766947662,4.88975280042736,4.74437292238659
3.43490385147743,4.54410685726993,4.82319426795806,4.71225390796598
1.90952644660138,4.80195182514324,5.18767491149278,4.8691210681164
2.06122457142919,5.00261520883509,5.15142746873959,4.8556046219602
9.92112900270149,3.7176498647079,3.27334600767042,3.52555137719536
19.8605429730378,-0.325139760781381,0.898377040196744,0.0743880069981155
11.3706747139804,3.15998191119268,2.92698493532789,3.14530932613799
19.0530958166346,0.538896409536609,1.09131215136685,0.428488433497952
15.7630183757283,1.43695673537999,1.87745828091308,1.73651250915111
13.9544885908253,2.45112317211903,2.30959664729113,2.36330974282685
14.4980248413049,2.00753666086447,2.17972161326615,2.18180781737423
17.0650190114975,1.4386509132303,1.56635230275266,1.24476663077317
10.8250274579041,3.39463283888155,3.05736438267117,3.29337475327919
13.3931258018129,2.69039598147663,2.44373123584717,2.54456171827996
16.8078755121678,1.35870329792371,1.62779534485939,1.34457271230012
13.1694924808107,2.77989974076971,2.49716720290299,2.61501252971307
18.3156859804876,1.00567507728022,1.26751222537379,0.740482110122395
12.1517208265141,3.30902037131007,2.74035821015381,2.9230041921019
14.9794893618673,2.00149550553386,2.06467828186975,2.01609817170832
12.7604967262596,2.28386217861172,2.59489451638308,2.74127021745995
11.9202331872657,2.98937394916761,2.79567092388215,2.99016353560995
19.5062126405537,0.260878293877335,0.983042348070613,0.231382741877594
13.2172553776763,2.56110976450016,2.48575451819231,2.6000498724103
14.7845638380386,2.1885962534431,2.11125467676017,2.0837458682986
10.2799257193692,3.63137057897691,3.1876134815617,3.43534623152722
15.4745946801268,1.72804297481802,1.94637555597397,1.84085842557507
16.44240220543,1.415534921446,1.71512320589152,1.48414966770196
15.9626354463398,1.73337936551562,1.82976086640803,1.66332080113601
13.2193737570196,2.4814681385734,2.48524834295736,2.5993851921249
18.9111431245692,0.496382977689774,1.12523097590829,0.489393065388917
16.2625694740564,1.14981834753502,1.75809326002378,1.55184843997188
13.029049152974,2.42700637976564,2.53072537306236,2.65874480316885
13.882046637591,2.11323438451712,2.32690625844007,2.38705388936911
11.6047509247437,2.90233527416397,2.87105369649975,3.07996579462439
18.6255189753138,0.460963574650452,1.19347931457969,0.610718453953465
19.5310121378861,0.285306070312411,0.977116642918455,0.220476442108031
15.6364468345419,1.96961556268289,1.90770186301764,1.78250842432113
13.2954741339199,2.42205326302916,2.46706457134963,2.5754477791921
19.9661721871234,-0.184156723890393,0.87313751337346,0.0271005255900002
12.3481967579573,2.64947275857195,2.69341135378724,2.86516159038542
16.1267196526751,1.51003540453374,1.7905538367721,1.60256079410289
11.0817852942273,3.1700452685846,2.99601349264453,3.22444338590033
14.8703256994486,2.14194135771841,2.0907623459196,2.05407636946515
10.994458233472,3.17723100141713,3.01687981936495,3.24803590737884
11.6116576269269,2.65541333643195,2.86940337753712,3.07802110995567
12.8299287077971,2.69414600302856,2.57830412161797,2.72007222106636
15.8387233596295,1.9368496175201,1.85936898631432,1.70884828814038
17.3170765885152,1.3736550085513,1.50612451415061,1.14565103867741
11.6552091110498,2.90100790660229,2.85899698702075,3.06573656607451
18.6646776320413,0.273508898590203,1.18412256630325,0.594181435354565
17.0857413718477,1.71809944752399,1.56140080733136,1.23666599990528
17.6039953622967,0.988309316231644,1.43756683198239,1.03128063435781
11.4708410855383,3.09116574360524,2.90305072504705,3.11748152603901
13.580569634214,2.56076764013156,2.3989425504754,2.48474104955311
16.7333248141222,1.0404842746209,1.64560882912418,1.37326106766397
15.2382260165177,1.77040955563108,2.00285456395473,1.92513138196855
13.4980179276317,2.19504574281373,2.41866783226063,2.51117312605699
12.4053070158698,2.70219930482452,2.67976516793853,2.84820347576789
10.5819179629907,3.37490411069672,3.11545407566923,3.35742670085115
12.3661974212155,2.57951985073708,2.68911019309914,2.8598235784226
18.9007791317999,0.600563061392626,1.12770739567304,0.493823937335418
18.1182741606608,0.869236512121737,1.31468270718493,0.822160347582757
17.4751632218249,0.891585537490405,1.46835057200438,1.08283885671593
11.5491172578186,3.13398803123685,2.88434705895434,3.09559548572041
11.2474208860658,3.32220042231238,2.95643576787125,3.17927580180974
19.7472580848262,0.325314127723714,0.925445848759233,0.124854730677827
14.361299960874,2.17689598056499,2.21239128062017,2.22802030486226
14.6401662682183,2.1059196441961,2.14575769155815,2.13336815818124
11.6529808123596,3.04208851425342,2.85952942688644,3.06636602193585
15.8493655733764,1.98380018175689,1.85682608715854,1.704950205917
12.7077801944688,2.97474859402283,2.6074908452461,2.75730049283752
12.3009692039341,3.03869341979336,2.70469612123426,2.87913589237079
16.9120783149265,1.23674399498347,1.60289665127301,1.30428745788564
12.8285239962861,2.7875118077861,2.57863976980174,2.7205020434581
18.1039806618355,0.897917875111218,1.3180980610728,0.8280439560888
10.9391660708934,3.04805349433161,3.03009158121132,3.26289493145521
18.2203007116914,0.423530481106668,1.29030401712543,0.780044650793829
14.2742828070186,2.37710036863192,2.23318355677058,2.25723706920051
17.5588725972921,0.73305419501997,1.44834867152871,1.04937639815065
16.6238550655544,1.40561841201354,1.67176603079639,1.41518540323195
14.4452739693224,2.2411264653157,2.19232614753138,2.19968170938223
16.2714618444443,1.6515956802869,1.75596847643175,1.54851607175113
10.0046534906141,3.53672165829968,3.25338828507141,3.5047823994879
12.1724351402372,2.7631257092959,2.73540863743033,2.91694229811929
17.048722456675,1.43824767509799,1.57024627598847,1.25113112564816
12.151664881967,3.2635139152466,2.74037157779938,2.92302055224841
18.1393372127786,0.978913355957202,1.30964980531674,0.813482751965312
13.0776387429796,2.24714153166741,2.51911515451729,2.64365925332712
16.8774268566631,1.58756852122731,1.61117642896401,1.31770796305626
19.3268107902259,0.287192118039545,1.02590944551797,0.309913565042035
11.157796648331,3.30212876299225,2.97785099255039,3.20378378670572
11.2770568788983,3.28883368473022,2.94935440839599,3.17113641586978
16.7822385742329,1.3251155410223,1.6339211518937,1.35445077522825
14.2894859588705,2.22857897283916,2.22955084623415,2.25214339747734
18.3440097793937,0.921603977031589,1.26074440750811,0.728699328539539
19.7143806680106,0.270033299864435,0.933301728884641,0.139453072008588
10.7048897771165,3.51686130895089,3.08607062878853,3.3251751142814
14.5978519320488,2.61571993214342,2.15586847229249,2.14783048993856
17.0158511842601,1.38669869827695,1.57810068794271,1.26395258703368
10.8694016793743,3.3165672188325,3.04676140353557,3.28155592388868
19.9294401612133,-0.410424481569596,0.88191443139996,0.0435698168092358
12.5309899402782,3.34153621480177,2.64973391598522,2.81065389156078
10.4953843564726,3.2771644899162,3.13613081081048,3.37994040768008
16.8632494681515,1.78809264336039,1.61456403892325,1.32319194081916
17.869273526594,0.988355673588948,1.3741800558772,0.924071608692853
